"","x"
"1","A"
"2","AA"
"3","AAMC"
"4","AAN"
"5","AAP"
"6","AAT"
"7","AAU"
"8","AB"
"9","ABB"
"10","ABBV"
"11","ABC"
"12","ABEV"
"13","ABG"
"14","ABM"
"15","ABR"
"16","ABT"
"17","AC"
"18","ACA"
"19","ACB"
"20","ACC"
"21","ACCO"
"22","ACEL"
"23","ACH"
"24","ACI"
"25","ACM"
"26","ACN"
"27","ACND"
"28","ACP"
"29","ACRE"
"30","ACU"
"31","ACV"
"32","ACY"
"33","ADC"
"34","ADCT"
"35","ADM"
"36","ADNT"
"37","ADS"
"38","ADSW"
"39","ADT"
"40","ADX"
"41","AE"
"42","AEB"
"43","AEE"
"44","AEF"
"45","AEFC"
"46","AEG"
"47","AEL"
"48","AEM"
"49","AEO"
"50","AER"
"51","AES"
"52","AFB"
"53","AFC"
"54","AFG"
"55","AFGB"
"56","AFGC"
"57","AFGD"
"58","AFGE"
"59","AFGH"
"60","AFI"
"61","AFL"
"62","AFT"
"63","AG"
"64","AGCO"
"65","AGD"
"66","AGE"
"67","AGI"
"68","AGM"
"69","AGO"
"70","AGR"
"71","AGRO"
"72","AGS"
"73","AGX"
"74","AHC"
"75","AHH"
"76","AHL"
"77","AHT"
"78","AI"
"79","AIC"
"80","AIF"
"81","AIG"
"82","AIM"
"83","AIN"
"84","AINC"
"85","AIO"
"86","AIR"
"87","AIRI"
"88","AIT"
"89","AIV"
"90","AIW"
"91","AIZ"
"92","AIZP"
"93","AJG"
"94","AJRD"
"95","AJX"
"96","AJXA"
"97","AKO"
"98","AKR"
"99","AL"
"100","ALB"
"101","ALC"
"102","ALE"
"103","ALEX"
"104","ALG"
"105","ALIN"
"106","ALK"
"107","ALL"
"108","ALLE"
"109","ALLY"
"110","ALP"
"111","ALSN"
"112","ALTG"
"113","ALUS"
"114","ALV"
"115","ALX"
"116","AM"
"117","AMBC"
"118","AMBO"
"119","AMC"
"120","AMCR"
"121","AME"
"122","AMG"
"123","AMH"
"124","AMK"
"125","AMN"
"126","AMOV"
"127","AMP"
"128","AMPE"
"129","AMPY"
"130","AMRC"
"131","AMRX"
"132","AMS"
"133","AMT"
"134","AMWL"
"135","AMX"
"136","AN"
"137","ANET"
"138","ANF"
"139","ANH"
"140","ANTM"
"141","ANVS"
"142","AOD"
"143","AON"
"144","AONE"
"145","AOS"
"146","AP"
"147","APAM"
"148","APD"
"149","APG"
"150","APH"
"151","APLE"
"152","APO"
"153","APRN"
"154","APSG"
"155","APT"
"156","APTS"
"157","APTV"
"158","AQN"
"159","AQNA"
"160","AQNB"
"161","AQUA"
"162","AR"
"163","ARA"
"164","ARC"
"165","ARCH"
"166","ARCO"
"167","ARD"
"168","ARDC"
"169","ARE"
"170","ARES"
"171","ARGD"
"172","ARGO"
"173","ARI"
"174","ARL"
"175","ARLO"
"176","ARMK"
"177","ARMP"
"178","ARNC"
"179","AROC"
"180","ARR"
"181","ARW"
"182","ASA"
"183","ASAN"
"184","ASAQ"
"185","ASB"
"186","ASC"
"187","ASG"
"188","ASGI"
"189","ASGN"
"190","ASH"
"191","ASIX"
"192","ASM"
"193","ASPL"
"194","ASPN"
"195","ASR"
"196","ASX"
"197","AT"
"198","ATCO"
"199","ATEN"
"200","ATEST"
"201","ATGE"
"202","ATH"
"203","ATHM"
"204","ATI"
"205","ATKR"
"206","ATNM"
"207","ATO"
"208","ATR"
"209","ATTO"
"210","ATUS"
"211","ATV"
"212","AU"
"213","AUG"
"214","AUMN"
"215","AUY"
"216","AVA"
"217","AVAL"
"218","AVAN"
"219","AVB"
"220","AVD"
"221","AVK"
"222","AVLR"
"223","AVNS"
"224","AVNT"
"225","AVTR"
"226","AVY"
"227","AVYA"
"228","AWF"
"229","AWI"
"230","AWK"
"231","AWP"
"232","AWR"
"233","AWX"
"234","AX"
"235","AXL"
"236","AXO"
"237","AXP"
"238","AXR"
"239","AXS"
"240","AXTA"
"241","AXU"
"242","AYI"
"243","AYX"
"244","AZEK"
"245","AZO"
"246","AZRE"
"247","AZUL"
"248","AZZ"
"249","B"
"250","BA"
"251","BABA"
"252","BAC"
"253","BAF"
"254","BAH"
"255","BAK"
"256","BAM"
"257","BANC"
"258","BAP"
"259","BAR"
"260","BATL"
"261","BAX"
"262","BB"
"263","BBAR"
"264","BBD"
"265","BBDC"
"266","BBDO"
"267","BBF"
"268","BBK"
"269","BBL"
"270","BBN"
"271","BBU"
"272","BBVA"
"273","BBW"
"274","BBY"
"275","BC"
"276","BCAT"
"277","BCC"
"278","BCE"
"279","BCEI"
"280","BCH"
"281","BCO"
"282","BCS"
"283","BCSF"
"284","BCV"
"285","BCX"
"286","BDC"
"287","BDCS"
"288","BDJ"
"289","BDL"
"290","BDN"
"291","BDR"
"292","BDX"
"293","BDXB"
"294","BE"
"295","BEDU"
"296","BEKE"
"297","BEN"
"298","BEP"
"299","BEPC"
"300","BERY"
"301","BEST"
"302","BF"
"303","BFAM"
"304","BFK"
"305","BFO"
"306","BFS"
"307","BFT"
"308","BFY"
"309","BFZ"
"310","BG"
"311","BGB"
"312","BGH"
"313","BGI"
"314","BGIO"
"315","BGR"
"316","BGS"
"317","BGSF"
"318","BGT"
"319","BGX"
"320","BGY"
"321","BH"
"322","BHB"
"323","BHC"
"324","BHE"
"325","BHK"
"326","BHLB"
"327","BHP"
"328","BHR"
"329","BHV"
"330","BHVN"
"331","BIF"
"332","BIG"
"333","BILL"
"334","BIO"
"335","BIOX"
"336","BIP"
"337","BIPC"
"338","BIT"
"339","BITA"
"340","BJ"
"341","BK"
"342","BKD"
"343","BKE"
"344","BKH"
"345","BKI"
"346","BKK"
"347","BKN"
"348","BKR"
"349","BKT"
"350","BKTI"
"351","BKU"
"352","BLD"
"353","BLE"
"354","BLK"
"355","BLL"
"356","BLW"
"357","BLX"
"358","BMA"
"359","BME"
"360","BMEZ"
"361","BMI"
"362","BML"
"363","BMO"
"364","BMRG"
"365","BMY"
"366","BNED"
"367","BNL"
"368","BNS"
"369","BNY"
"370","BOE"
"371","BOH"
"372","BOOT"
"373","BORR"
"374","BOX"
"375","BP"
"376","BPMP"
"377","BPT"
"378","BQ"
"379","BQH"
"380","BR"
"381","BRBR"
"382","BRBS"
"383","BRC"
"384","BRFS"
"385","BRG"
"386","BRK"
"387","BRMK"
"388","BRN"
"389","BRO"
"390","BRT"
"391","BRX"
"392","BSA"
"393","BSAC"
"394","BSBR"
"395","BSD"
"396","BSE"
"397","BSIG"
"398","BSL"
"399","BSM"
"400","BSMX"
"401","BSN"
"402","BST"
"403","BSTZ"
"404","BSX"
"405","BTA"
"406","BTE"
"407","BTG"
"408","BTI"
"409","BTN"
"410","BTO"
"411","BTT"
"412","BTU"
"413","BTZ"
"414","BUD"
"415","BUI"
"416","BURL"
"417","BV"
"418","BVH"
"419","BVN"
"420","BW"
"421","BWA"
"422","BWG"
"423","BWL"
"424","BWXT"
"425","BX"
"426","BXC"
"427","BXG"
"428","BXMT"
"429","BXMX"
"430","BXP"
"431","BXS"
"432","BY"
"433","BYD"
"434","BYM"
"435","BZH"
"436","BZM"
"437","C"
"438","CAAP"
"439","CABO"
"440","CACI"
"441","CADE"
"442","CAE"
"443","CAF"
"444","CAG"
"445","CAH"
"446","CAI"
"447","CAJ"
"448","CAL"
"449","CALX"
"450","CANF"
"451","CANG"
"452","CAPL"
"453","CARR"
"454","CARS"
"455","CAT"
"456","CATO"
"457","CB"
"458","CBB"
"459","CBD"
"460","CBH"
"461","CBL"
"462","CBO"
"463","CBOE"
"464","CBRE"
"465","CBT"
"466","CBU"
"467","CBX"
"468","CBZ"
"469","CC"
"470","CCAC"
"471","CCC"
"472","CCEP"
"473","CCF"
"474","CCI"
"475","CCIV"
"476","CCJ"
"477","CCK"
"478","CCL"
"479","CCM"
"480","CCO"
"481","CCR"
"482","CCS"
"483","CCU"
"484","CCX"
"485","CCXX"
"486","CCZ"
"487","CDAY"
"488","CDE"
"489","CDOR"
"490","CDR"
"491","CE"
"492","CEA"
"493","CEE"
"494","CEI"
"495","CEIX"
"496","CEL"
"497","CELG"
"498","CELP"
"499","CEM"
"500","CEN"
"501","CEO"
"502","CEPU"
"503","CEQP"
"504","CET"
"505","CEV"
"506","CF"
"507","CFG"
"508","CFR"
"509","CFX"
"510","CFXA"
"511","CGA"
"512","CGC"
"513","CHA"
"514","CHAQ"
"515","CHCT"
"516","CHD"
"517","CHE"
"518","CHGG"
"519","CHH"
"520","CHL"
"521","CHMI"
"522","CHN"
"523","CHRA"
"524","CHS"
"525","CHT"
"526","CHU"
"527","CHWY"
"528","CHX"
"529","CI"
"530","CIA"
"531","CIB"
"532","CIEN"
"533","CIF"
"534","CIG"
"535","CII"
"536","CIK"
"537","CIM"
"538","CINR"
"539","CIO"
"540","CIR"
"541","CIT"
"542","CIX"
"543","CKH"
"544","CKX"
"545","CL"
"546","CLA"
"547","CLB"
"548","CLDR"
"549","CLDT"
"550","CLF"
"551","CLGX"
"552","CLH"
"553","CLI"
"554","CLII"
"555","CLM"
"556","CLNC"
"557","CLNY"
"558","CLPR"
"559","CLR"
"560","CLS"
"561","CLW"
"562","CLX"
"563","CM"
"564","CMA"
"565","CMC"
"566","CMCL"
"567","CMCM"
"568","CMD"
"569","CMG"
"570","CMI"
"571","CMO"
"572","CMP"
"573","CMRE"
"574","CMS"
"575","CMSA"
"576","CMSC"
"577","CMSD"
"578","CMT"
"579","CMU"
"580","CNA"
"581","CNC"
"582","CNF"
"583","CNHI"
"584","CNI"
"585","CNK"
"586","CNMD"
"587","CNNE"
"588","CNO"
"589","CNP"
"590","CNQ"
"591","CNR"
"592","CNS"
"593","CNX"
"594","CO"
"595","CODI"
"596","COE"
"597","COF"
"598","COG"
"599","COHN"
"600","COLD"
"601","COO"
"602","COP"
"603","COR"
"604","CORR"
"605","COTY"
"606","CP"
"607","CPA"
"608","CPAC"
"609","CPB"
"610","CPE"
"611","CPF"
"612","CPG"
"613","CPHI"
"614","CPK"
"615","CPLG"
"616","CPRI"
"617","CPS"
"618","CPSR"
"619","CPT"
"620","CQP"
"621","CR"
"622","CRD"
"623","CRF"
"624","CRH"
"625","CRHC"
"626","CRHM"
"627","CRI"
"628","CRK"
"629","CRL"
"630","CRM"
"631","CRMD"
"632","CROC"
"633","CRS"
"634","CRT"
"635","CRY"
"636","CS"
"637","CSL"
"638","CSLT"
"639","CSPR"
"640","CSTM"
"641","CSU"
"642","CSV"
"643","CTA"
"644","CTAA"
"645","CTB"
"646","CTBB"
"647","CTDD"
"648","CTEK"
"649","CTEST"
"650","CTK"
"651","CTLT"
"652","CTO"
"653","CTR"
"654","CTRA"
"655","CTS"
"656","CTT"
"657","CTVA"
"658","CTY"
"659","CTZ"
"660","CUB"
"661","CUBB"
"662","CUBE"
"663","CUBI"
"664","CUK"
"665","CULP"
"666","CURO"
"667","CUZ"
"668","CVA"
"669","CVE"
"670","CVEO"
"671","CVI"
"672","CVM"
"673","CVNA"
"674","CVR"
"675","CVS"
"676","CVU"
"677","CVX"
"678","CW"
"679","CWEN"
"680","CWH"
"681","CWK"
"682","CWT"
"683","CX"
"684","CXE"
"685","CXH"
"686","CXO"
"687","CXP"
"688","CXW"
"689","CYD"
"690","CYH"
"691","CZZ"
"692","D"
"693","DAC"
"694","DAL"
"695","DAN"
"696","DAO"
"697","DAR"
"698","DAVA"
"699","DB"
"700","DBD"
"701","DBI"
"702","DBL"
"703","DCF"
"704","DCI"
"705","DCO"
"706","DCP"
"707","DCUE"
"708","DD"
"709","DDD"
"710","DDF"
"711","DDS"
"712","DDT"
"713","DE"
"714","DEA"
"715","DECK"
"716","DEH"
"717","DEI"
"718","DELL"
"719","DEN"
"720","DEO"
"721","DESP"
"722","DEX"
"723","DFIN"
"724","DFNS"
"725","DFP"
"726","DFS"
"727","DG"
"728","DGNR"
"729","DGX"
"730","DHF"
"731","DHI"
"732","DHR"
"733","DHT"
"734","DHX"
"735","DHY"
"736","DIAX"
"737","DIN"
"738","DIS"
"739","DIT"
"740","DJCI"
"741","DK"
"742","DKL"
"743","DKS"
"744","DL"
"745","DLA"
"746","DLB"
"747","DLNG"
"748","DLR"
"749","DLX"
"750","DLY"
"751","DMB"
"752","DMF"
"753","DMO"
"754","DMS"
"755","DMYD"
"756","DMYT"
"757","DNB"
"758","DNI"
"759","DNK"
"760","DNN"
"761","DNOW"
"762","DNP"
"763","DOC"
"764","DOOR"
"765","DOV"
"766","DOW"
"767","DPG"
"768","DPW"
"769","DPZ"
"770","DQ"
"771","DRD"
"772","DRE"
"773","DRH"
"774","DRI"
"775","DRQ"
"776","DRUA"
"777","DS"
"778","DSE"
"779","DSL"
"780","DSM"
"781","DSS"
"782","DSSI"
"783","DSU"
"784","DSX"
"785","DT"
"786","DTB"
"787","DTE"
"788","DTF"
"789","DTJ"
"790","DTLA"
"791","DTP"
"792","DTQ"
"793","DTW"
"794","DTY"
"795","DUC"
"796","DUK"
"797","DUKB"
"798","DUKH"
"799","DVA"
"800","DVD"
"801","DVN"
"802","DX"
"803","DXC"
"804","DXF"
"805","DXR"
"806","DY"
"807","DYFN"
"808","E"
"809","EAB"
"810","EAD"
"811","EAE"
"812","EAF"
"813","EAI"
"814","EARN"
"815","EAT"
"816","EB"
"817","EBF"
"818","EBR"
"819","EBS"
"820","EC"
"821","ECC"
"822","ECCB"
"823","ECCX"
"824","ECCY"
"825","ECF"
"826","ECL"
"827","ECOM"
"828","ED"
"829","EDD"
"830","EDF"
"831","EDI"
"832","EDN"
"833","EDU"
"834","EEA"
"835","EEH"
"836","EEX"
"837","EFC"
"838","EFF"
"839","EFL"
"840","EFR"
"841","EFT"
"842","EFX"
"843","EGF"
"844","EGHT"
"845","EGO"
"846","EGP"
"847","EGY"
"848","EHC"
"849","EHI"
"850","EHT"
"851","EIC"
"852","EIG"
"853","EIM"
"854","EIX"
"855","EL"
"856","ELA"
"857","ELAN"
"858","ELAT"
"859","ELC"
"860","ELF"
"861","ELJ"
"862","ELLO"
"863","ELMD"
"864","ELP"
"865","ELS"
"866","ELU"
"867","ELVT"
"868","ELY"
"869","EMAN"
"870","EMD"
"871","EME"
"872","EMF"
"873","EMN"
"874","EMO"
"875","EMP"
"876","EMPW"
"877","EMR"
"878","EMX"
"879","ENB"
"880","ENBA"
"881","ENBL"
"882","ENIA"
"883","ENIC"
"884","ENJ"
"885","ENLC"
"886","ENO"
"887","ENPC"
"888","ENR"
"889","ENS"
"890","ENSV"
"891","ENV"
"892","ENVA"
"893","ENX"
"894","ENZ"
"895","EOD"
"896","EOG"
"897","EOI"
"898","EOS"
"899","EOT"
"900","EP"
"901","EPAC"
"902","EPAM"
"903","EPC"
"904","EPD"
"905","EPM"
"906","EPR"
"907","EPRT"
"908","EQC"
"909","EQD"
"910","EQH"
"911","EQNR"
"912","EQR"
"913","EQS"
"914","EQT"
"915","EQX"
"916","ERC"
"917","ERF"
"918","ERH"
"919","ERJ"
"920","ES"
"921","ESBA"
"922","ESE"
"923","ESGC"
"924","ESI"
"925","ESNT"
"926","ESP"
"927","ESRT"
"928","ESS"
"929","ESTC"
"930","ESTE"
"931","ET"
"932","ETB"
"933","ETG"
"934","ETH"
"935","ETI"
"936","ETJ"
"937","ETM"
"938","ETN"
"939","ETO"
"940","ETP"
"941","ETR"
"942","ETRN"
"943","ETV"
"944","ETW"
"945","ETX"
"946","ETY"
"947","EUFX"
"948","EURN"
"949","EV"
"950","EVA"
"951","EVBN"
"952","EVC"
"953","EVF"
"954","EVG"
"955","EVH"
"956","EVI"
"957","EVM"
"958","EVN"
"959","EVR"
"960","EVRG"
"961","EVRI"
"962","EVT"
"963","EVTC"
"964","EVV"
"965","EVY"
"966","EW"
"967","EXD"
"968","EXG"
"969","EXK"
"970","EXN"
"971","EXP"
"972","EXPR"
"973","EXR"
"974","EXTN"
"975","EZT"
"976","F"
"977","FAF"
"978","FAII"
"979","FAM"
"980","FAX"
"981","FBC"
"982","FBHS"
"983","FBK"
"984","FBM"
"985","FBP"
"986","FC"
"987","FCAU"
"988","FCF"
"989","FCN"
"990","FCO"
"991","FCPT"
"992","FCRW"
"993","FCRZ"
"994","FCT"
"995","FCX"
"996","FDEU"
"997","FDP"
"998","FDS"
"999","FDX"
"1000","FE"
"1001","FEAC"
"1002","FEDU"
"1003","FEI"
"1004","FEN"
"1005","FENG"
"1006","FEO"
"1007","FET"
"1008","FF"
"1009","FFA"
"1010","FFC"
"1011","FFG"
"1012","FGB"
"1013","FGNA"
"1014","FHI"
"1015","FHN"
"1016","FI"
"1017","FICO"
"1018","FIF"
"1019","FINS"
"1020","FINV"
"1021","FIS"
"1022","FISK"
"1023","FIT"
"1024","FIV"
"1025","FIX"
"1026","FL"
"1027","FLC"
"1028","FLNG"
"1029","FLO"
"1030","FLOW"
"1031","FLR"
"1032","FLS"
"1033","FLT"
"1034","FLY"
"1035","FMAC"
"1036","FMC"
"1037","FMN"
"1038","FMO"
"1039","FMS"
"1040","FMX"
"1041","FMY"
"1042","FN"
"1043","FNB"
"1044","FND"
"1045","FNF"
"1046","FNV"
"1047","FOE"
"1048","FOF"
"1049","FOR"
"1050","FOUR"
"1051","FPF"
"1052","FPH"
"1053","FPI"
"1054","FPL"
"1055","FR"
"1056","FRA"
"1057","FRC"
"1058","FRD"
"1059","FRLG"
"1060","FRO"
"1061","FRT"
"1062","FSD"
"1063","FSI"
"1064","FSK"
"1065","FSKR"
"1066","FSLF"
"1067","FSLY"
"1068","FSM"
"1069","FSP"
"1070","FSS"
"1071","FST"
"1072","FT"
"1073","FTAI"
"1074","FTCH"
"1075","FTF"
"1076","FTHY"
"1077","FTI"
"1078","FTK"
"1079","FTS"
"1080","FTSI"
"1081","FTV"
"1082","FUE"
"1083","FUL"
"1084","FUN"
"1085","FUSE"
"1086","FVAC"
"1087","FVRR"
"1088","G"
"1089","GAB"
"1090","GAM"
"1091","GATX"
"1092","GAU"
"1093","GB"
"1094","GBAB"
"1095","GBL"
"1096","GBR"
"1097","GBX"
"1098","GCI"
"1099","GCO"
"1100","GCP"
"1101","GCV"
"1102","GD"
"1103","GDDY"
"1104","GDL"
"1105","GDO"
"1106","GDOT"
"1107","GDP"
"1108","GDV"
"1109","GE"
"1110","GEF"
"1111","GEL"
"1112","GEN"
"1113","GEO"
"1114","GER"
"1115","GES"
"1116","GF"
"1117","GFF"
"1118","GFI"
"1119","GFL"
"1120","GFLU"
"1121","GFY"
"1122","GGB"
"1123","GGG"
"1124","GGM"
"1125","GGN"
"1126","GGO"
"1127","GGT"
"1128","GGZ"
"1129","GHC"
"1130","GHG"
"1131","GHL"
"1132","GHM"
"1133","GHY"
"1134","GIB"
"1135","GIK"
"1136","GIL"
"1137","GIM"
"1138","GIS"
"1139","GIX"
"1140","GJH"
"1141","GJO"
"1142","GJP"
"1143","GJR"
"1144","GJS"
"1145","GJT"
"1146","GKOS"
"1147","GL"
"1148","GLDG"
"1149","GLEO"
"1150","GLO"
"1151","GLOB"
"1152","GLOG"
"1153","GLOP"
"1154","GLP"
"1155","GLQ"
"1156","GLT"
"1157","GLU"
"1158","GLV"
"1159","GLW"
"1160","GM"
"1161","GME"
"1162","GMED"
"1163","GMRE"
"1164","GMS"
"1165","GMTA"
"1166","GNE"
"1167","GNK"
"1168","GNL"
"1169","GNRC"
"1170","GNT"
"1171","GNW"
"1172","GOAC"
"1173","GOED"
"1174","GOF"
"1175","GOL"
"1176","GOLD"
"1177","GOLF"
"1178","GOOS"
"1179","GORO"
"1180","GPC"
"1181","GPI"
"1182","GPJA"
"1183","GPK"
"1184","GPL"
"1185","GPM"
"1186","GPMT"
"1187","GPN"
"1188","GPRK"
"1189","GPS"
"1190","GPX"
"1191","GRA"
"1192","GRAM"
"1193","GRC"
"1194","GRF"
"1195","GRN"
"1196","GRP"
"1197","GRU"
"1198","GRUB"
"1199","GRX"
"1200","GS"
"1201","GSAH"
"1202","GSAT"
"1203","GSBD"
"1204","GSH"
"1205","GSK"
"1206","GSL"
"1207","GSLD"
"1208","GSP"
"1209","GSS"
"1210","GSV"
"1211","GSX"
"1212","GTE"
"1213","GTES"
"1214","GTN"
"1215","GTS"
"1216","GTT"
"1217","GTY"
"1218","GUT"
"1219","GV"
"1220","GVA"
"1221","GWB"
"1222","GWRE"
"1223","GWW"
"1224","GYC"
"1225","H"
"1226","HAE"
"1227","HAL"
"1228","HASI"
"1229","HBB"
"1230","HBI"
"1231","HBM"
"1232","HCA"
"1233","HCC"
"1234","HCFT"
"1235","HCHC"
"1236","HCI"
"1237","HCXY"
"1238","HCXZ"
"1239","HD"
"1240","HDB"
"1241","HE"
"1242","HEI"
"1243","HEP"
"1244","HEQ"
"1245","HES"
"1246","HESM"
"1247","HEXO"
"1248","HFC"
"1249","HFRO"
"1250","HGH"
"1251","HGLB"
"1252","HGV"
"1253","HHC"
"1254","HI"
"1255","HIE"
"1256","HIG"
"1257","HII"
"1258","HIL"
"1259","HIO"
"1260","HIW"
"1261","HIX"
"1262","HKIB"
"1263","HL"
"1264","HLF"
"1265","HLI"
"1266","HLM"
"1267","HLT"
"1268","HLX"
"1269","HMC"
"1270","HMG"
"1271","HMI"
"1272","HMLP"
"1273","HMN"
"1274","HMY"
"1275","HNGR"
"1276","HNI"
"1277","HNP"
"1278","HNW"
"1279","HOG"
"1280","HOME"
"1281","HON"
"1282","HOV"
"1283","HP"
"1284","HPE"
"1285","HPF"
"1286","HPI"
"1287","HPP"
"1288","HPQ"
"1289","HPR"
"1290","HPS"
"1291","HPX"
"1292","HQH"
"1293","HQL"
"1294","HR"
"1295","HRB"
"1296","HRC"
"1297","HRI"
"1298","HRL"
"1299","HRTG"
"1300","HSBC"
"1301","HSC"
"1302","HST"
"1303","HSY"
"1304","HT"
"1305","HTA"
"1306","HTD"
"1307","HTFA"
"1308","HTGC"
"1309","HTH"
"1310","HTY"
"1311","HTZ"
"1312","HUBB"
"1313","HUBS"
"1314","HUD"
"1315","HUM"
"1316","HUN"
"1317","HUSA"
"1318","HUYA"
"1319","HVT"
"1320","HWM"
"1321","HXL"
"1322","HY"
"1323","HYB"
"1324","HYI"
"1325","HYLN"
"1326","HYT"
"1327","HZAC"
"1328","HZN"
"1329","HZO"
"1330","IAA"
"1331","IACA"
"1332","IAE"
"1333","IAF"
"1334","IAG"
"1335","IBA"
"1336","IBIO"
"1337","IBM"
"1338","IBN"
"1339","IBO"
"1340","IBP"
"1341","ICD"
"1342","ICE"
"1343","ICL"
"1344","IDA"
"1345","IDE"
"1346","IDT"
"1347","IEX"
"1348","IFF"
"1349","IFFT"
"1350","IFN"
"1351","IFS"
"1352","IGA"
"1353","IGC"
"1354","IGD"
"1355","IGI"
"1356","IGR"
"1357","IGT"
"1358","IGZ"
"1359","IHC"
"1360","IHD"
"1361","IHG"
"1362","IHIT"
"1363","IHT"
"1364","IHTA"
"1365","IID"
"1366","IIF"
"1367","IIM"
"1368","IIPR"
"1369","IMAX"
"1370","IMH"
"1371","IMO"
"1372","IMPX"
"1373","INDO"
"1374","INFO"
"1375","INFU"
"1376","INFY"
"1377","ING"
"1378","INGR"
"1379","INN"
"1380","INS"
"1381","INSI"
"1382","INSP"
"1383","INSW"
"1384","INT"
"1385","INTT"
"1386","INUV"
"1387","INVH"
"1388","IO"
"1389","IOR"
"1390","IP"
"1391","IPG"
"1392","IPHI"
"1393","IPI"
"1394","IPOB"
"1395","IPOC"
"1396","IPV"
"1397","IQI"
"1398","IQV"
"1399","IR"
"1400","IRET"
"1401","IRL"
"1402","IRM"
"1403","IRR"
"1404","IRS"
"1405","IRT"
"1406","ISD"
"1407","ISDR"
"1408","ISR"
"1409","IT"
"1410","ITCB"
"1411","ITGR"
"1412","ITP"
"1413","ITRG"
"1414","ITT"
"1415","ITUB"
"1416","ITW"
"1417","IVC"
"1418","IVH"
"1419","IVR"
"1420","IVZ"
"1421","IX"
"1422","J"
"1423","JAX"
"1424","JBGS"
"1425","JBK"
"1426","JBL"
"1427","JBT"
"1428","JCAP"
"1429","JCE"
"1430","JCI"
"1431","JCO"
"1432","JDD"
"1433","JE"
"1434","JEF"
"1435","JELD"
"1436","JEMD"
"1437","JEQ"
"1438","JFR"
"1439","JGH"
"1440","JHAA"
"1441","JHB"
"1442","JHG"
"1443","JHI"
"1444","JHS"
"1445","JHX"
"1446","JHY"
"1447","JIH"
"1448","JILL"
"1449","JKS"
"1450","JLL"
"1451","JLS"
"1452","JMIA"
"1453","JMM"
"1454","JMP"
"1455","JNJ"
"1456","JNPR"
"1457","JOB"
"1458","JOE"
"1459","JOF"
"1460","JP"
"1461","JPC"
"1462","JPI"
"1463","JPM"
"1464","JPS"
"1465","JPT"
"1466","JQC"
"1467","JRI"
"1468","JRO"
"1469","JRS"
"1470","JSD"
"1471","JT"
"1472","JTA"
"1473","JTD"
"1474","JW"
"1475","JWN"
"1476","JWS"
"1477","K"
"1478","KAI"
"1479","KAMN"
"1480","KAR"
"1481","KB"
"1482","KBH"
"1483","KBR"
"1484","KCAC"
"1485","KDMN"
"1486","KEN"
"1487","KEP"
"1488","KEX"
"1489","KEY"
"1490","KEYS"
"1491","KF"
"1492","KFS"
"1493","KFY"
"1494","KGC"
"1495","KIM"
"1496","KIO"
"1497","KIQ"
"1498","KKR"
"1499","KL"
"1500","KLR"
"1501","KMB"
"1502","KMF"
"1503","KMI"
"1504","KMPR"
"1505","KMT"
"1506","KMX"
"1507","KN"
"1508","KNL"
"1509","KNOP"
"1510","KNX"
"1511","KO"
"1512","KODK"
"1513","KOF"
"1514","KOP"
"1515","KOS"
"1516","KR"
"1517","KRA"
"1518","KRC"
"1519","KREF"
"1520","KRG"
"1521","KRO"
"1522","KRP"
"1523","KSM"
"1524","KSS"
"1525","KSU"
"1526","KT"
"1527","KTB"
"1528","KTF"
"1529","KTH"
"1530","KTN"
"1531","KW"
"1532","KWR"
"1533","KYN"
"1534","L"
"1535","LAC"
"1536","LAD"
"1537","LADR"
"1538","LAIX"
"1539","LAZ"
"1540","LB"
"1541","LBRT"
"1542","LC"
"1543","LCI"
"1544","LCII"
"1545","LCTX"
"1546","LDL"
"1547","LDOS"
"1548","LDP"
"1549","LEA"
"1550","LEAF"
"1551","LEAP"
"1552","LEE"
"1553","LEG"
"1554","LEJU"
"1555","LEN"
"1556","LEO"
"1557","LEU"
"1558","LEVI"
"1559","LFC"
"1560","LGC"
"1561","LGF"
"1562","LGI"
"1563","LGL"
"1564","LGVW"
"1565","LH"
"1566","LHX"
"1567","LII"
"1568","LIN"
"1569","LINX"
"1570","LITB"
"1571","LL"
"1572","LLY"
"1573","LMND"
"1574","LMT"
"1575","LN"
"1576","LNC"
"1577","LND"
"1578","LNG"
"1579","LNN"
"1580","LOAK"
"1581","LODE"
"1582","LOMA"
"1583","LOV"
"1584","LOW"
"1585","LPG"
"1586","LPI"
"1587","LPL"
"1588","LPX"
"1589","LRN"
"1590","LSF"
"1591","LSI"
"1592","LSPD"
"1593","LTC"
"1594","LTHM"
"1595","LUB"
"1596","LUMN"
"1597","LUV"
"1598","LVS"
"1599","LW"
"1600","LXFR"
"1601","LXP"
"1602","LXU"
"1603","LYB"
"1604","LYG"
"1605","LYV"
"1606","LZB"
"1607","M"
"1608","MA"
"1609","MAA"
"1610","MAC"
"1611","MAG"
"1612","MAIN"
"1613","MAN"
"1614","MANU"
"1615","MAS"
"1616","MATX"
"1617","MAV"
"1618","MAXR"
"1619","MBI"
"1620","MBT"
"1621","MC"
"1622","MCA"
"1623","MCB"
"1624","MCC"
"1625","MCD"
"1626","MCF"
"1627","MCI"
"1628","MCK"
"1629","MCN"
"1630","MCO"
"1631","MCR"
"1632","MCS"
"1633","MCV"
"1634","MCX"
"1635","MCY"
"1636","MD"
"1637","MDC"
"1638","MDLA"
"1639","MDLQ"
"1640","MDLX"
"1641","MDLY"
"1642","MDP"
"1643","MDT"
"1644","MDU"
"1645","MEC"
"1646","MED"
"1647","MEG"
"1648","MEI"
"1649","MEN"
"1650","MER"
"1651","MET"
"1652","MFA"
"1653","MFAC"
"1654","MFC"
"1655","MFD"
"1656","MFG"
"1657","MFGP"
"1658","MFL"
"1659","MFM"
"1660","MFO"
"1661","MFT"
"1662","MFV"
"1663","MG"
"1664","MGA"
"1665","MGF"
"1666","MGM"
"1667","MGP"
"1668","MGR"
"1669","MGRB"
"1670","MGU"
"1671","MGY"
"1672","MH"
"1673","MHD"
"1674","MHE"
"1675","MHF"
"1676","MHH"
"1677","MHI"
"1678","MHK"
"1679","MHLA"
"1680","MHN"
"1681","MHNC"
"1682","MHO"
"1683","MIC"
"1684","MIE"
"1685","MIN"
"1686","MITT"
"1687","MIXT"
"1688","MIY"
"1689","MKC"
"1690","MKL"
"1691","MLI"
"1692","MLM"
"1693","MLP"
"1694","MLPG"
"1695","MLPO"
"1696","MLR"
"1697","MLSS"
"1698","MMC"
"1699","MMD"
"1700","MMI"
"1701","MMM"
"1702","MMP"
"1703","MMS"
"1704","MMT"
"1705","MMU"
"1706","MMX"
"1707","MN"
"1708","MNK"
"1709","MNP"
"1710","MNR"
"1711","MNRL"
"1712","MO"
"1713","MOD"
"1714","MODN"
"1715","MOG"
"1716","MOGU"
"1717","MOH"
"1718","MOS"
"1719","MOV"
"1720","MPA"
"1721","MPC"
"1722","MPLX"
"1723","MPV"
"1724","MPW"
"1725","MPX"
"1726","MQT"
"1727","MQY"
"1728","MR"
"1729","MRC"
"1730","MRK"
"1731","MRO"
"1732","MS"
"1733","MSA"
"1734","MSB"
"1735","MSC"
"1736","MSCI"
"1737","MSD"
"1738","MSGE"
"1739","MSGN"
"1740","MSGS"
"1741","MSI"
"1742","MSM"
"1743","MSN"
"1744","MT"
"1745","MTA"
"1746","MTB"
"1747","MTCN"
"1748","MTD"
"1749","MTDR"
"1750","MTG"
"1751","MTH"
"1752","MTL"
"1753","MTN"
"1754","MTNB"
"1755","MTOR"
"1756","MTR"
"1757","MTRN"
"1758","MTT"
"1759","MTW"
"1760","MTX"
"1761","MTZ"
"1762","MUA"
"1763","MUC"
"1764","MUE"
"1765","MUFG"
"1766","MUH"
"1767","MUI"
"1768","MUJ"
"1769","MUR"
"1770","MUS"
"1771","MUSA"
"1772","MUX"
"1773","MVC"
"1774","MVCD"
"1775","MVF"
"1776","MVO"
"1777","MVT"
"1778","MWA"
"1779","MX"
"1780","MXC"
"1781","MXE"
"1782","MXF"
"1783","MXL"
"1784","MYC"
"1785","MYD"
"1786","MYE"
"1787","MYF"
"1788","MYI"
"1789","MYJ"
"1790","MYN"
"1791","MYO"
"1792","MYOV"
"1793","MZA"
"1794","NAC"
"1795","NAD"
"1796","NAK"
"1797","NAN"
"1798","NAT"
"1799","NAV"
"1800","NAVB"
"1801","NAZ"
"1802","NBB"
"1803","NBH"
"1804","NBHC"
"1805","NBO"
"1806","NBR"
"1807","NBW"
"1808","NBY"
"1809","NC"
"1810","NCA"
"1811","NCB"
"1812","NCLH"
"1813","NCR"
"1814","NCV"
"1815","NCZ"
"1816","NDMO"
"1817","NDP"
"1818","NEA"
"1819","NEE"
"1820","NEM"
"1821","NEN"
"1822","NEP"
"1823","NES"
"1824","NET"
"1825","NEU"
"1826","NEV"
"1827","NEW"
"1828","NEWR"
"1829","NEX"
"1830","NEXA"
"1831","NFG"
"1832","NFH"
"1833","NFJ"
"1834","NG"
"1835","NGA"
"1836","NGD"
"1837","NGG"
"1838","NGL"
"1839","NGLS"
"1840","NGS"
"1841","NGVC"
"1842","NGVT"
"1843","NHA"
"1844","NHC"
"1845","NHF"
"1846","NHI"
"1847","NHS"
"1848","NI"
"1849","NID"
"1850","NIE"
"1851","NIM"
"1852","NINE"
"1853","NIO"
"1854","NIQ"
"1855","NJR"
"1856","NJV"
"1857","NKE"
"1858","NKG"
"1859","NKX"
"1860","NL"
"1861","NLS"
"1862","NLSN"
"1863","NLY"
"1864","NM"
"1865","NMCO"
"1866","NMI"
"1867","NMK"
"1868","NML"
"1869","NMM"
"1870","NMR"
"1871","NMS"
"1872","NMT"
"1873","NMY"
"1874","NMZ"
"1875","NNA"
"1876","NNI"
"1877","NNN"
"1878","NNVC"
"1879","NNY"
"1880","NOA"
"1881","NOAH"
"1882","NOC"
"1883","NOG"
"1884","NOK"
"1885","NOM"
"1886","NOMD"
"1887","NOV"
"1888","NOVA"
"1889","NOW"
"1890","NP"
"1891","NPK"
"1892","NPN"
"1893","NPO"
"1894","NPTN"
"1895","NPV"
"1896","NQP"
"1897","NR"
"1898","NREF"
"1899","NRG"
"1900","NRGX"
"1901","NRK"
"1902","NRO"
"1903","NRP"
"1904","NRT"
"1905","NRUC"
"1906","NRZ"
"1907","NS"
"1908","NSA"
"1909","NSC"
"1910","NSCO"
"1911","NSH"
"1912","NSL"
"1913","NSP"
"1914","NSPR"
"1915","NSS"
"1916","NTB"
"1917","NTCO"
"1918","NTEST"
"1919","NTG"
"1920","NTIP"
"1921","NTN"
"1922","NTP"
"1923","NTR"
"1924","NTST"
"1925","NTZ"
"1926","NUE"
"1927","NUM"
"1928","NUO"
"1929","NUS"
"1930","NUV"
"1931","NUW"
"1932","NVG"
"1933","NVGS"
"1934","NVO"
"1935","NVR"
"1936","NVRO"
"1937","NVS"
"1938","NVST"
"1939","NVT"
"1940","NVTA"
"1941","NWG"
"1942","NWHM"
"1943","NWN"
"1944","NX"
"1945","NXC"
"1946","NXE"
"1947","NXJ"
"1948","NXN"
"1949","NXP"
"1950","NXQ"
"1951","NXR"
"1952","NXRT"
"1953","NYC"
"1954","NYCB"
"1955","NYT"
"1956","NYV"
"1957","NZF"
"1958","O"
"1959","OAC"
"1960","OACB"
"1961","OAK"
"1962","OBLG"
"1963","OC"
"1964","OCFT"
"1965","OCN"
"1966","OCX"
"1967","ODC"
"1968","OEC"
"1969","OFC"
"1970","OFG"
"1971","OGCP"
"1972","OGE"
"1973","OGEN"
"1974","OGS"
"1975","OHI"
"1976","OI"
"1977","OIA"
"1978","OIBR"
"1979","OII"
"1980","OIS"
"1981","OKE"
"1982","OLN"
"1983","OLP"
"1984","OMC"
"1985","OMF"
"1986","OMI"
"1987","ONDK"
"1988","ONE"
"1989","ONTO"
"1990","OOMA"
"1991","OPP"
"1992","OPY"
"1993","OR"
"1994","ORA"
"1995","ORAN"
"1996","ORC"
"1997","ORCC"
"1998","ORCL"
"1999","ORI"
"2000","ORN"
"2001","OSB"
"2002","OSG"
"2003","OSH"
"2004","OSK"
"2005","OTIS"
"2006","OUT"
"2007","OVV"
"2008","OXM"
"2009","OXY"
"2010","PAA"
"2011","PAC"
"2012","PACD"
"2013","PACE"
"2014","PACK"
"2015","PAG"
"2016","PAGP"
"2017","PAGS"
"2018","PAI"
"2019","PAM"
"2020","PANA"
"2021","PANW"
"2022","PAR"
"2023","PARR"
"2024","PAYC"
"2025","PB"
"2026","PBA"
"2027","PBB"
"2028","PBC"
"2029","PBF"
"2030","PBFX"
"2031","PBH"
"2032","PBI"
"2033","PBR"
"2034","PBT"
"2035","PBY"
"2036","PCF"
"2037","PCG"
"2038","PCGU"
"2039","PCI"
"2040","PCK"
"2041","PCM"
"2042","PCN"
"2043","PCPL"
"2044","PCQ"
"2045","PD"
"2046","PDAC"
"2047","PDI"
"2048","PDM"
"2049","PDS"
"2050","PDT"
"2051","PE"
"2052","PEAK"
"2053","PEB"
"2054","PED"
"2055","PEG"
"2056","PEI"
"2057","PEN"
"2058","PEO"
"2059","PFD"
"2060","PFE"
"2061","PFGC"
"2062","PFH"
"2063","PFL"
"2064","PFN"
"2065","PFO"
"2066","PFS"
"2067","PFSI"
"2068","PG"
"2069","PGP"
"2070","PGR"
"2071","PGRE"
"2072","PGTI"
"2073","PGZ"
"2074","PH"
"2075","PHD"
"2076","PHG"
"2077","PHGE"
"2078","PHI"
"2079","PHK"
"2080","PHM"
"2081","PHR"
"2082","PHT"
"2083","PHX"
"2084","PIAI"
"2085","PIC"
"2086","PII"
"2087","PIM"
"2088","PINE"
"2089","PING"
"2090","PINS"
"2091","PIPR"
"2092","PJT"
"2093","PK"
"2094","PKE"
"2095","PKG"
"2096","PKI"
"2097","PKO"
"2098","PKX"
"2099","PLAG"
"2100","PLAN"
"2101","PLD"
"2102","PLG"
"2103","PLM"
"2104","PLNT"
"2105","PLOW"
"2106","PLT"
"2107","PLTR"
"2108","PLX"
"2109","PLYM"
"2110","PM"
"2111","PMF"
"2112","PML"
"2113","PMM"
"2114","PMO"
"2115","PMT"
"2116","PMVC"
"2117","PMX"
"2118","PNC"
"2119","PNF"
"2120","PNI"
"2121","PNM"
"2122","PNR"
"2123","PNW"
"2124","POR"
"2125","POST"
"2126","PPG"
"2127","PPL"
"2128","PPR"
"2129","PPT"
"2130","PPX"
"2131","PQG"
"2132","PRA"
"2133","PRE"
"2134","PRGO"
"2135","PRI"
"2136","PRIF"
"2137","PRK"
"2138","PRLB"
"2139","PRMW"
"2140","PRO"
"2141","PROS"
"2142","PRPB"
"2143","PRS"
"2144","PRSP"
"2145","PRT"
"2146","PRTY"
"2147","PRU"
"2148","PSA"
"2149","PSB"
"2150","PSF"
"2151","PSN"
"2152","PSO"
"2153","PSTG"
"2154","PSTH"
"2155","PSTL"
"2156","PSX"
"2157","PSXP"
"2158","PTK"
"2159","PTN"
"2160","PTR"
"2161","PTY"
"2162","PUK"
"2163","PUMP"
"2164","PVG"
"2165","PVH"
"2166","PVL"
"2167","PW"
"2168","PWR"
"2169","PXD"
"2170","PYN"
"2171","PYS"
"2172","PYT"
"2173","PZC"
"2174","PZG"
"2175","PZN"
"2176","QD"
"2177","QEP"
"2178","QGEN"
"2179","QSR"
"2180","QTS"
"2181","QTWO"
"2182","QUAD"
"2183","QUOT"
"2184","QVCC"
"2185","QVCD"
"2186","R"
"2187","RA"
"2188","RACE"
"2189","RAD"
"2190","RAMP"
"2191","RBA"
"2192","RBAC"
"2193","RBC"
"2194","RC"
"2195","RCA"
"2196","RCB"
"2197","RCG"
"2198","RCI"
"2199","RCL"
"2200","RCP"
"2201","RCS"
"2202","RCUS"
"2203","RDN"
"2204","RDS"
"2205","RDY"
"2206","RE"
"2207","REI"
"2208","RELX"
"2209","RENN"
"2210","RES"
"2211","RESI"
"2212","REV"
"2213","REVG"
"2214","REX"
"2215","REXR"
"2216","REZI"
"2217","RF"
"2218","RFI"
"2219","RFL"
"2220","RFM"
"2221","RFP"
"2222","RGA"
"2223","RGR"
"2224","RGS"
"2225","RGT"
"2226","RH"
"2227","RHE"
"2228","RHI"
"2229","RHP"
"2230","RIG"
"2231","RIO"
"2232","RIV"
"2233","RJA"
"2234","RJF"
"2235","RJI"
"2236","RJN"
"2237","RJZ"
"2238","RKT"
"2239","RL"
"2240","RLGT"
"2241","RLGY"
"2242","RLH"
"2243","RLI"
"2244","RLJ"
"2245","RM"
"2246","RMAX"
"2247","RMD"
"2248","RMED"
"2249","RMG"
"2250","RMI"
"2251","RMM"
"2252","RMPL"
"2253","RMT"
"2254","RNG"
"2255","RNGR"
"2256","RNP"
"2257","RNR"
"2258","ROG"
"2259","ROK"
"2260","ROL"
"2261","ROP"
"2262","RPAI"
"2263","RPLA"
"2264","RPM"
"2265","RPT"
"2266","RQI"
"2267","RRC"
"2268","RRD"
"2269","RS"
"2270","RSF"
"2271","RSG"
"2272","RST"
"2273","RTP"
"2274","RTX"
"2275","RVI"
"2276","RVLV"
"2277","RVP"
"2278","RVT"
"2279","RWT"
"2280","RXN"
"2281","RY"
"2282","RYAM"
"2283","RYB"
"2284","RYI"
"2285","RYN"
"2286","RZA"
"2287","RZB"
"2288","SA"
"2289","SACC"
"2290","SACH"
"2291","SAF"
"2292","SAFE"
"2293","SAH"
"2294","SAIC"
"2295","SAIL"
"2296","SAK"
"2297","SALT"
"2298","SAM"
"2299","SAN"
"2300","SAND"
"2301","SAP"
"2302","SAR"
"2303","SAVE"
"2304","SB"
"2305","SBBA"
"2306","SBE"
"2307","SBG"
"2308","SBH"
"2309","SBI"
"2310","SBOW"
"2311","SBR"
"2312","SBS"
"2313","SBSW"
"2314","SC"
"2315","SCA"
"2316","SCCB"
"2317","SCCC"
"2318","SCCO"
"2319","SCD"
"2320","SCE"
"2321","SCHW"
"2322","SCI"
"2323","SCL"
"2324","SCM"
"2325","SCPE"
"2326","SCS"
"2327","SCU"
"2328","SCVX"
"2329","SCX"
"2330","SD"
"2331","SDPI"
"2332","SE"
"2333","SEAH"
"2334","SEAS"
"2335","SEB"
"2336","SEE"
"2337","SEM"
"2338","SENS"
"2339","SF"
"2340","SFB"
"2341","SFE"
"2342","SFL"
"2343","SFTW"
"2344","SFUN"
"2345","SGU"
"2346","SHAK"
"2347","SHG"
"2348","SHI"
"2349","SHLX"
"2350","SHO"
"2351","SHOP"
"2352","SHW"
"2353","SI"
"2354","SID"
"2355","SIF"
"2356","SIG"
"2357","SII"
"2358","SILV"
"2359","SIM"
"2360","SITC"
"2361","SITE"
"2362","SIX"
"2363","SJI"
"2364","SJIJ"
"2365","SJIU"
"2366","SJM"
"2367","SJR"
"2368","SJT"
"2369","SJW"
"2370","SKM"
"2371","SKT"
"2372","SKX"
"2373","SKY"
"2374","SLB"
"2375","SLCA"
"2376","SLF"
"2377","SLG"
"2378","SLQT"
"2379","SM"
"2380","SMAR"
"2381","SMFG"
"2382","SMG"
"2383","SMHI"
"2384","SMLP"
"2385","SMM"
"2386","SMP"
"2387","SMTS"
"2388","SNA"
"2389","SNAP"
"2390","SNDR"
"2391","SNE"
"2392","SNMP"
"2393","SNN"
"2394","SNOW"
"2395","SNP"
"2396","SNPR"
"2397","SNR"
"2398","SNV"
"2399","SNX"
"2400","SO"
"2401","SOAC"
"2402","SOGO"
"2403","SOI"
"2404","SOJA"
"2405","SOJB"
"2406","SOJC"
"2407","SOJD"
"2408","SOJE"
"2409","SOL"
"2410","SOLN"
"2411","SON"
"2412","SOR"
"2413","SOS"
"2414","SPAQ"
"2415","SPB"
"2416","SPCE"
"2417","SPE"
"2418","SPG"
"2419","SPGI"
"2420","SPH"
"2421","SPLP"
"2422","SPOT"
"2423","SPR"
"2424","SPXC"
"2425","SPXX"
"2426","SQ"
"2427","SQM"
"2428","SQNS"
"2429","SR"
"2430","SRC"
"2431","SRE"
"2432","SREA"
"2433","SRG"
"2434","SRI"
"2435","SRL"
"2436","SRLP"
"2437","SRT"
"2438","SRV"
"2439","SSD"
"2440","SSL"
"2441","SSTK"
"2442","SSY"
"2443","ST"
"2444","STAG"
"2445","STAR"
"2446","STC"
"2447","STE"
"2448","STG"
"2449","STK"
"2450","STL"
"2451","STM"
"2452","STN"
"2453","STNG"
"2454","STON"
"2455","STOR"
"2456","STPK"
"2457","STT"
"2458","STWD"
"2459","STXS"
"2460","STZ"
"2461","SU"
"2462","SUI"
"2463","SUM"
"2464","SUN"
"2465","SUP"
"2466","SUPV"
"2467","SUZ"
"2468","SVM"
"2469","SVT"
"2470","SWCH"
"2471","SWI"
"2472","SWK"
"2473","SWM"
"2474","SWN"
"2475","SWT"
"2476","SWX"
"2477","SWZ"
"2478","SXC"
"2479","SXI"
"2480","SXT"
"2481","SYF"
"2482","SYK"
"2483","SYN"
"2484","SYX"
"2485","SYY"
"2486","SZC"
"2487","T"
"2488","TAC"
"2489","TAK"
"2490","TAL"
"2491","TALO"
"2492","TAP"
"2493","TARO"
"2494","TAT"
"2495","TBB"
"2496","TBC"
"2497","TBI"
"2498","TCI"
"2499","TCO"
"2500","TCP"
"2501","TCS"
"2502","TD"
"2503","TDA"
"2504","TDC"
"2505","TDE"
"2506","TDF"
"2507","TDG"
"2508","TDI"
"2509","TDJ"
"2510","TDOC"
"2511","TDS"
"2512","TDW"
"2513","TDY"
"2514","TEAF"
"2515","TECK"
"2516","TEF"
"2517","TEI"
"2518","TEL"
"2519","TEN"
"2520","TEO"
"2521","TEVA"
"2522","TEX"
"2523","TFC"
"2524","TFII"
"2525","TFX"
"2526","TG"
"2527","TGB"
"2528","TGC"
"2529","TGH"
"2530","TGI"
"2531","TGNA"
"2532","TGP"
"2533","TGS"
"2534","TGT"
"2535","THC"
"2536","THG"
"2537","THM"
"2538","THO"
"2539","THQ"
"2540","THR"
"2541","THS"
"2542","THW"
"2543","TIF"
"2544","TISI"
"2545","TJX"
"2546","TK"
"2547","TKAT"
"2548","TKC"
"2549","TKR"
"2550","TLI"
"2551","TLK"
"2552","TLYS"
"2553","TM"
"2554","TMBR"
"2555","TME"
"2556","TMHC"
"2557","TMO"
"2558","TMP"
"2559","TMQ"
"2560","TMST"
"2561","TMX"
"2562","TNC"
"2563","TNET"
"2564","TNK"
"2565","TNP"
"2566","TOL"
"2567","TOT"
"2568","TPB"
"2569","TPC"
"2570","TPGY"
"2571","TPH"
"2572","TPHS"
"2573","TPL"
"2574","TPR"
"2575","TPRE"
"2576","TPVG"
"2577","TPVY"
"2578","TPX"
"2579","TPZ"
"2580","TR"
"2581","TRC"
"2582","TREB"
"2583","TREC"
"2584","TREX"
"2585","TRGP"
"2586","TRI"
"2587","TRN"
"2588","TRNE"
"2589","TRNO"
"2590","TROX"
"2591","TRP"
"2592","TRQ"
"2593","TRT"
"2594","TRTN"
"2595","TRTX"
"2596","TRU"
"2597","TRV"
"2598","TRWH"
"2599","TRX"
"2600","TRXC"
"2601","TS"
"2602","TSE"
"2603","TSI"
"2604","TSLX"
"2605","TSM"
"2606","TSN"
"2607","TSQ"
"2608","TSU"
"2609","TT"
"2610","TTC"
"2611","TTI"
"2612","TTM"
"2613","TTP"
"2614","TU"
"2615","TUFN"
"2616","TUP"
"2617","TV"
"2618","TVC"
"2619","TVE"
"2620","TWI"
"2621","TWLO"
"2622","TWN"
"2623","TWND"
"2624","TWO"
"2625","TWTR"
"2626","TX"
"2627","TXT"
"2628","TY"
"2629","TYG"
"2630","TYL"
"2631","U"
"2632","UA"
"2633","UAA"
"2634","UAMY"
"2635","UAN"
"2636","UAVS"
"2637","UBA"
"2638","UBER"
"2639","UBP"
"2640","UBS"
"2641","UDR"
"2642","UE"
"2643","UEC"
"2644","UFAB"
"2645","UFI"
"2646","UFS"
"2647","UGI"
"2648","UGP"
"2649","UHS"
"2650","UHT"
"2651","UI"
"2652","UIS"
"2653","UL"
"2654","UMC"
"2655","UMH"
"2656","UN"
"2657","UNF"
"2658","UNFI"
"2659","UNH"
"2660","UNM"
"2661","UNMA"
"2662","UNP"
"2663","UNVR"
"2664","UPS"
"2665","URG"
"2666","URI"
"2667","USA"
"2668","USAC"
"2669","USAS"
"2670","USB"
"2671","USDP"
"2672","USFD"
"2673","USM"
"2674","USNA"
"2675","USPH"
"2676","USX"
"2677","UTF"
"2678","UTG"
"2679","UTI"
"2680","UTL"
"2681","UTZ"
"2682","UUU"
"2683","UUUU"
"2684","UVE"
"2685","UVV"
"2686","UZA"
"2687","UZB"
"2688","UZC"
"2689","UZD"
"2690","V"
"2691","VAC"
"2692","VALE"
"2693","VAPO"
"2694","VAR"
"2695","VBF"
"2696","VCF"
"2697","VCIF"
"2698","VCRA"
"2699","VCV"
"2700","VEC"
"2701","VEDL"
"2702","VEEV"
"2703","VEL"
"2704","VER"
"2705","VERT"
"2706","VET"
"2707","VFC"
"2708","VFL"
"2709","VGAC"
"2710","VGI"
"2711","VGM"
"2712","VGR"
"2713","VGZ"
"2714","VHC"
"2715","VHI"
"2716","VIAO"
"2717","VICI"
"2718","VIPS"
"2719","VIST"
"2720","VIV"
"2721","VKI"
"2722","VKQ"
"2723","VLO"
"2724","VLRS"
"2725","VLT"
"2726","VMC"
"2727","VMI"
"2728","VMM"
"2729","VMO"
"2730","VMW"
"2731","VNCE"
"2732","VNE"
"2733","VNO"
"2734","VNRX"
"2735","VNT"
"2736","VNTR"
"2737","VOC"
"2738","VOLT"
"2739","VOYA"
"2740","VPG"
"2741","VPV"
"2742","VRS"
"2743","VRT"
"2744","VRTV"
"2745","VSH"
"2746","VSLR"
"2747","VST"
"2748","VSTO"
"2749","VTA"
"2750","VTN"
"2751","VTOL"
"2752","VTR"
"2753","VVI"
"2754","VVNT"
"2755","VVR"
"2756","VVV"
"2757","VYGG"
"2758","VZ"
"2759","W"
"2760","WAB"
"2761","WAL"
"2762","WALA"
"2763","WAT"
"2764","WBAI"
"2765","WBK"
"2766","WBS"
"2767","WBT"
"2768","WCC"
"2769","WCN"
"2770","WD"
"2771","WDR"
"2772","WEA"
"2773","WEC"
"2774","WEI"
"2775","WELL"
"2776","WES"
"2777","WEX"
"2778","WF"
"2779","WFC"
"2780","WGO"
"2781","WH"
"2782","WHD"
"2783","WHG"
"2784","WHR"
"2785","WIA"
"2786","WIT"
"2787","WIW"
"2788","WK"
"2789","WLK"
"2790","WLKP"
"2791","WLL"
"2792","WM"
"2793","WMB"
"2794","WMC"
"2795","WMK"
"2796","WMS"
"2797","WMT"
"2798","WNC"
"2799","WNS"
"2800","WOR"
"2801","WORK"
"2802","WOW"
"2803","WPC"
"2804","WPF"
"2805","WPG"
"2806","WPM"
"2807","WPP"
"2808","WPX"
"2809","WRB"
"2810","WRE"
"2811","WRI"
"2812","WRK"
"2813","WRN"
"2814","WSM"
"2815","WSO"
"2816","WSR"
"2817","WST"
"2818","WTI"
"2819","WTM"
"2820","WTRG"
"2821","WTRU"
"2822","WTS"
"2823","WTT"
"2824","WTTR"
"2825","WU"
"2826","WWE"
"2827","WWW"
"2828","WY"
"2829","WYND"
"2830","WYY"
"2831","X"
"2832","XAN"
"2833","XEC"
"2834","XFLT"
"2835","XHR"
"2836","XIN"
"2837","XOM"
"2838","XPEV"
"2839","XPL"
"2840","XPO"
"2841","XRX"
"2842","XTNT"
"2843","XXII"
"2844","XYF"
"2845","XYL"
"2846","Y"
"2847","YAC"
"2848","YALA"
"2849","YCBD"
"2850","YELP"
"2851","YETI"
"2852","YEXT"
"2853","YPF"
"2854","YRD"
"2855","YUM"
"2856","YUMC"
"2857","ZBH"
"2858","ZBZX"
"2859","ZDGE"
"2860","ZEN"
"2861","ZEXIT"
"2862","ZIEXT"
"2863","ZNH"
"2864","ZOM"
"2865","ZTEST"
"2866","ZTO"
"2867","ZTR"
"2868","ZTS"
"2869","ZUO"
"2870","ZVV"
"2871","ZXIET"
"2872","ZYME"
"2873","N"
